Name,Id,sentences,words
Before Midnight,2209418,2331,15998
John Carter,0401729,1314,7829
The Conspirator,0968264,1782,12321
The Iron Lady,1007029,1017,8459
Battle for the Planet of the Apes,0069768,379,3682
Mean Girls,0377092,1974,12454
Who s Your Daddy,0287138,1618,10807
The Cincinnati Kid,0059037,1624,12082
Priest,0822847,1067,6307
The Beaver,1321860,1504,11688
I Still Know What You Did Last Summer,0130018,1107,6595
Being John Malkovich,0120601,1640,9416
Killing Zoe,0110265,1371,7482
After the Wedding,7985692,1488,9097
The 7th Voyage of Sinbad,0051337,793,6801
Sully,3263904,1370,8044
S Darko,1231277,1028,6458
The Great Outdoors,0095253,1824,10896
Hustle Flow,0410097,2022,13088
Scent of a Woman,0105323,2090,13831
Hard Candy,0424136,1633,14884
Rambling Rose,0102753,1831,15951
Bad Boys for Life,1502397,1343,9293
Yes Man,1068680,2085,12025
Pitch Perfect 2,2848292,1655,12265
Atonement,0783233,1091,7069
The Low Life,0110400,1000,5442
Star Trek,0796366,1638,13197
Bill Ted s Bogus Journey,0101452,1222,6987
The Saint,0055701,1784,10433
Crazylove,0416658,1599,9032
Novitiate,4513316,1421,12446
Star Wars Episode I The Phantom Menace,0120915,1601,11743
The Doors,0101761,2050,18232
Three Billboards Outside Ebbing Missouri,5027774,1240,9453
Two for the Money,0417217,2290,15929
Battlefield Earth,0185183,878,8746
The Dark Knight,0468569,2087,14621
Barely Legal,0302297,1967,10093
Honey Boy,8151874,1196,7354
Good Will Hunting,0119217,1868,14039
Brightburn,7752126,979,4806
Seven Psychopaths,1931533,1609,11408
The Phantom of the Opera,0293508,1000,13255
What Price Hollywood,0023686,1542,12806
Pet Sematary,0837563,949,4630
Shadow Dancer,1770734,1578,8814
Boogie Nights,0118749,3769,13905
Noah,1959490,1435,7181
Ordinary People,0081283,2612,11923
Knight Moves,0104627,1750,11200
Can You Ever Forgive Me,4595882,2081,12894
Traffic,0181865,1801,13654
Four Rooms,0113101,1605,11602
On Golden Pond,0082846,2289,12311
The Adventures of Ford Fairlane,0098987,1325,8785
Arctic Blue,0106303,1078,7369
It s Kind of a Funny Story,0804497,1675,10627
Milk,1013753,1634,12059
The Ice Storm,0119349,1220,8782
Gone with the Wind,0031381,7211,52249
Beaches,0094715,1399,11076
The Tourist,1243957,972,5377
Vegas Baby,0432373,1370,7842
Romeo Juliet,0117509,989,8124
Sicario,3397884,1403,7549
Friday the 13th,0758746,728,3646
City of Joy,0103976,1545,9749
Out of the Blue Part 1,2542334,1255,6314
Rock Rule,0086203,915,9460
Preacher,5016504,1273,10514
Inside Llewyn Davis,2042568,1493,7984
Secretariat,1028576,1449,10775
The Danish Girl,0810819,1005,6222
Jurassic World,0369610,817,6931
Tully,5610554,1442,8206
Gladiator,0172495,1172,8852
Coraline,0327597,1092,5701
The Front Runner,7074886,1851,12545
The Love Witch,3908142,1278,6035
Final Analysis,0104265,1407,9612
Midway,6924650,1491,10193
Cherry,9130508,2112,13448
Nashville,0073440,1281,7504
The Last Station,0824758,1533,8465
Hellraiser Deader,0337636,892,5797
Take Shelter,1675192,1163,5455
The Addams Family,0101272,433,2366
The Girl Next Door,0265208,894,6138
How Do You Know,1341188,1814,14667
Flight,1907668,2083,13265
Charlie s Angels,0160127,1114,6552
The Suite Life on Deck,1181917,1321,11246
An Act of Murder,0040072,294,1934
Training Day,0139654,2055,9148
Where the Wild Things Are,0386117,1318,7165
St Elmo s Fire,0090060,1481,10139
Cliffhanger,0106582,862,7711
My Week with Marilyn,1655420,1637,10113
Bean,0118689,1239,7695
Monty Python and the Holy Grail,0071853,1719,11543
The Big White,0402850,1494,9631
Scary Movie,0175142,1287,7013
21 Grams,0315733,1341,9385
Spellbinder,0096152,1702,10981
The Pursuit of Happyness,0454921,1661,8138
The Peanut Butter Falcon,4364194,0,0
The Kingdom,0431197,1357,10181
The Russell Girl,1097649,1505,9229
Analyze This,0122933,2156,13289
Searching,7668870,1329,8842
Boy Erased,7008872,1651,10928
The Fourth Kind,1220198,1059,8908
The Scarlet Letter,0114345,367,3509
The Hospital,0067217,1481,12788
Before and After,0115645,1370,8966
The Pianist,0253474,1131,6174
Manhunter,0091474,1729,11107
Thank You for Smoking,0427944,1511,11922
The Terminator,0088247,1182,6057
Hard to Kill,0099739,800,5702
For Colored Girls,1405500,1459,10857
Rise of the Guardians,1446192,1517,7024
Dazed and Confused,0106677,1526,11085
The Omega Man,0067525,1304,10875
The Goodbye Girl,0076095,1928,14849
Spanglish,0371246,1520,12930
The General s Daughter,0144214,1341,8755
The Lion King,0110357,1440,6652
Gosford Park,0280707,2363,16457
Strangers on a Train,0044079,1318,9173
The Sting,0070735,1455,11731
The Best Exotic Marigold Hotel,1412386,1918,12433
Honey I Shrunk the Kids,0097523,1429,6511
Superman IV The Quest for Peace,0094074,3042,18177
Scream 2,0120082,1345,6688
A Goofy Movie,0113198,922,6031
The Punisher,0330793,1310,7925
Branagh Theatre Live Romeo and Juliet,5943392,1362,7707
The Last King,0364800,1791,10976
South Park Bigger Longer Uncut,0158983,1984,12722
Mumford,0140397,1662,13020
The Sixth Sense,0167404,1159,6571
The Siege,0133952,1541,11405
Knocked Up,0478311,3251,17252
The Holiday,0457939,2039,14641
Boyhood,1065073,3676,19322
The Accidental Tourist,0094606,2131,12843
The Meddler,4501454,1470,10833
Mighty Joe Young,0120751,1309,6941
Deliverance,0068473,1035,6634
The Rules of Attraction,0292644,1989,12789
Beavis and Butt Head Do America,0115641,1335,7065
The Best Exotic Marigold Hotel Behind the Story Lights Colours and Smiles,5173200,1931,11557
Spaceballs,0094012,1231,6930
Road to Perdition,0257044,1042,5086
Sex and the City,1000774,2208,13408
Makebelieve,0305793,1408,10505
Overlord,4530422,1171,5573
Capernaum,8267604,1186,6074
Blade Trinity,0359013,821,6326
30 Rock,0496424,477,3207
An Adventure in Space and Time,2663812,1576,8182
Annabelle,3322940,1260,10017
Pride Prejudice,0414387,1621,13088
Terminator 3 Rise of the Machines,0181852,1310,6701
Storytelling,0250081,928,5704
After Earth,1815862,1084,6285
Green Room,4062536,1050,5629
The Other Side of the Wind,0069049,1145,13827
Mary Queen of Scots,2328900,1365,9287
Body Heat,0082089,1754,10554
Cherry Falls,0175526,1055,5492
The Master,1560747,1759,10924
Dirty Girl,1107319,1472,9760
The Guest,2980592,1416,7688
Game 6,0425055,1265,6654
Call Northside 777,0040202,939,6767
The Purge,2184339,946,5841
The Messenger The Story of Joan of Arc,0151137,1688,15164
Sphere,0120184,2079,10777
On the Basis of Sex,4669788,1794,12403
Green Guys,1514045,1707,11026
The Jolson Story,0038661,2188,14598
El cantante,0458522,1241,10172
I Tonya,5580036,1333,8520
Four Lions,1341167,1551,11317
A History of Violence,0399146,1830,10228
Somewhere in Time,0081534,1242,7687
Who Framed the Good Cop,7211154,1172,5380
This Is 40,1758830,2779,15145
Hesher,1403177,1361,8304
Nothing But a Man,0058414,1028,5687
Fargo,2802850,1285,7539
A Beautiful Mind,0268978,1463,8825
Pulp Fiction,0110912,1961,14277
The Mist,0884328,1600,9831
Goldfinger,0058150,1123,5868
Copycat,0112722,1757,12541
The Cell,0209958,1038,5906
Mean Streets,0070379,1215,8224
The Gambler,2039393,1665,13470
Denial,4645330,1801,14168
Loveless,6304162,1123,7577
The Next Three Days,1458175,1280,6461
The Wedding Date,0372532,1333,8742
Night of the Living Dead,0063350,609,7959
Mudbound,2396589,1694,10662
Eli,5294518,1141,6964
Tarzan s Secret Treasure,0034266,866,10164
Code of Silence,0088936,782,4157
Payback,0120784,1146,6105
The Green Mile,0120689,1852,12590
Bringing Up Baby,0029947,2411,16160
Star Trek Insurrection,0120844,910,9331
Birdman or The Unexpected Virtue of Ignorance,2562232,2224,10684
Wild Things,0120890,1381,9646
Wild at Heart,0100935,1807,13384
House of 1000 Corpses,0251736,1181,9402
Lone Survivor,1091191,1434,6685
Groundhog Day,0107048,1620,9893
The African Queen,0043265,1585,10742
The Tattooist,0817228,998,5631
Lethal Weapon,0093409,1648,8128
Harry Potter and the Prisoner of Azkaban,0304141,1729,9009
The Grand Budapest Hotel,2278388,1256,9652
Fatal Attraction,0093010,1639,9575
Crime Spree,0310924,1673,9838
Casablanca,0034583,1937,12576
The Last Picture Show,0067328,1285,9936
A Prayer Before Dawn,4080956,688,3422
Vox Lux,5960374,1239,10576
Brazil,0088846,1525,10354
Mission to Mars,0183523,1332,8297
Fighting Belle,5662022,1869,10417
Under the Silver Lake,5691670,1740,9132
Raising Arizona,0093822,967,7659
The Body Snatcher,0037549,909,8207
Richard Jewell,3513548,1536,10433
The Day After,0085404,1682,12077
Wind River,5362988,1399,8762
Cloverfield,1060277,813,7608
Green Book,6966692,1454,9885
Tomorrow Never Dies,0120347,1678,12130
Little Shop of Horrors,0091419,1538,13465
The Place Beyond the Pines,1817273,1800,10824
The Zero Theorem,2333804,1259,7117
Life as a House,0264796,1683,9829
Creed II,6343314,1299,8753
Doctor Sleep,5606664,1789,10973
The Player,0105151,1901,11781
Batman Robin,0118688,1340,7484
Austin Powers International Man of Mystery,0118655,1399,8932
Ruby Sparks,1839492,1721,9755
Charlie Wilson s War,0472062,1903,15634
Night at the Museum Battle of the Smithsonian,1078912,1576,11761
Beowulf Grendel,0402057,1100,7518
Ace Ventura Pet Detective,0109040,1151,7254
Source Code,0945513,1752,8580
Wall Street,0094291,1613,16801
Upgrade,6499752,1315,8330
Witness for the Prosecution,0051201,1893,17200
Young Soul Rebels,0103312,1119,7012
Jonah A VeggieTales Movie,0298388,1440,9938
Terminator Salvation,0438488,879,5197
Harry Potter and the Goblet of Fire,0330373,1620,10385
The Lost Weekend,0037884,1,1
Gone in 60 Seconds,0187078,1478,11000
Bad Teacher,1284575,1593,9640
Friday the 13th Part VI Jason Lives,0091080,787,4888
Whiplash,2582802,1187,8692
The Jackal,0119395,1264,10198
American Horror Story,1844624,840,5577
Home Alone,0099785,1226,6092
Lion,3741834,1116,6296
A Single Man,1315981,1004,6645
Point Break,0102685,1542,8131
Crusades,0111931,1137,6916
All God s Children Can Dance,0847214,974,5231
Wayside,1059741,2107,11675
Pearl Harbor,0213149,1384,9334
The Others,0230600,1467,10571
Midnight Cowboy,0064665,1011,7412
Damien Omen II,0077394,1000,7144
While You Were Sleeping,0114924,1314,8596
Bull Durham,0094812,1285,10481
The Usual Suspects,0114814,1812,12196
The Jackie Robinson Story,0042609,1111,9558
Monsters Inc,0198781,1788,8618
I Hope They Serve Beer in Hell,1220628,1494,10985
Pan s Labyrinth,0457430,655,4273
Bottle Rocket,0115734,1695,7989
The Rookie,0265662,1335,10085
The Two Popes,8404614,1868,13908
Batman Mask of the Phantasm,0106364,865,5436
The Diary of a Teenage Girl,3172532,1619,9240
Lost in Translation,0335266,612,4014
The Lincoln Lawyer,1189340,1846,13241
Love Bones,2419232,1085,7152
The Ides of March,1124035,1299,10699
WALL E,0910970,864,3586
The Fog,0432291,1120,6282
The Lord of the Rings The Return of the King,0167260,898,4118
Batman Forever,0112462,1433,7641
Invaders from Mars,0091276,859,7015
The Surfer King,0418206,1274,8488
Land of the Dead,0418819,1084,5347
The Gift,0219699,1186,10219
22 July,7280898,1962,11344
The Desperate Hours,0047985,1278,9073
Armageddon,0120591,1538,9987
Raging Bull,0081398,1689,11468
Death to Smoochy,0266452,1690,10865
The Long Kiss Goodnight,0116908,1542,10161
Full Body Massage,0113131,1048,6614
L A Confidential,0119488,1890,11242
Knives Out,8946378,1636,12135
Collateral Damage,0699285,1132,6721
A Simple Favor,7040874,2477,16429
Homicide The Movie,0226771,1858,12340
Up All Night,1843323,1387,8783
Cowboys Aliens,0409847,1260,7880
Seven Days to Live,0221928,1061,6637
Punch Drunk Love,0272338,1197,8431
Pawn Sacrifice,1596345,1450,9415
Real Genius,0089886,2003,13141
Manchester by the Sea,4034228,2049,11941
Scary Stories to Tell in the Dark,3387520,1174,7569
Chaos Walking,2076822,1301,6167
Interview with the Vampire The Vampire Chronicles,0110148,1429,9364
Breach,0401997,517,3416
Star Trek The Next Generation,0092455,1206,8129
Bloodwork,0711844,1400,7615
Happy Death Day,5308322,1223,6543
Hope and Glory,0093209,1108,5922
Major League,0097815,1374,9912
The Grifters,0099703,1496,9236
Stay,0371257,1511,7785
Invictus,1057500,1455,8718
The Irishman,1302006,1829,13671
Skyline,1564585,878,3739
Bad Lieutenant,0103759,906,5746
Flash Gordon,0080745,829,5242
Barry Lyndon,0072684,1424,21301
The Farewell,8637428,1502,9174
Home Alone 2 Lost in New York,0104431,1079,6604
The Taking of Pelham One Two Three,0072251,1727,13361
Beginners,1532503,1170,6092
The Treasure of the Sierra Madre,0040897,2293,19208
Gods and Monsters,0120684,1857,10117
Kill Bill Vol 1,0266697,1927,15696
Back to the Future Part II,0096874,1635,10306
All About Steve,0881891,1398,9087
A Christmas Story,0085334,1349,9287
Gothika,0348836,1378,9212
The Blair Witch Project,0185937,1435,10642
Liar Liar,0119528,1791,10300
It Follows,3235888,1056,4276
The Power of One,0105159,1921,11596
Halloween II,0082495,618,3997
S W A T,0257076,1301,6167
Next,0435705,1572,8583
Born on the Fourth of July,0096969,1027,9406
Cloud Atlas,1371111,2732,19042
All That Jazz,0078754,1491,12808
Mystery Men,0132347,1221,7392
Sense and Sensibility,0114388,1595,13578
Some Kind of Wonderful,0094006,1699,9424
Human Nature,0219822,1485,9162
Moon,1182345,1076,6471
Breakfast at Tiffany s,0054698,1607,13628
The Deer Hunter,0077416,1679,7302
Metro,0119664,1464,9014
Quartet,1441951,1338,9840
Now You See Me,1670345,1486,13672
Confessions of a Dangerous Mind,0270288,1865,10343
Killer Klowns from Outer Space,0095444,1212,7392
Fear of Clowns,0362636,1478,8265
ATM,1603257,1113,5175
The Human Stain,0308383,1400,11253
License to Drive,0095519,1345,8027
The Abduction,0115452,1202,7616
The Last Temptation of Christ,0095497,1582,9140
A Quiet Place,6644200,502,2360
The House Bunny,0852713,1404,9444
About Alex,2667918,1650,8833
The Watcher,0204626,1006,6154
Saving Mr Banks,2140373,1561,9724
The Boxtrolls,0787474,1468,5998
Mr Mark Fenton,1282592,1839,13237
The Nightmare Before Christmas,0107688,441,5075
Life Itself,5989218,1364,10969
Resident Evil,0120804,1272,5891
28 Weeks Later,0463854,911,5008
Total Recall,0100802,1092,7768
Fatal Instinct,0106873,1538,9472
Match Point,0416320,2138,13124
Sex Drive,1135985,2117,10468
The Cocoanuts,0019777,1253,9371
A Dry White Season,0097243,2342,15816
Frost Nixon,0870111,1457,12332
Peggy Sue Got Married,0091738,2051,12528
Resident Evil Extinction,0432021,1088,5370
Taken,0936501,1323,6521
Unforgiven,0105695,1435,11272
Purple Rain,0087957,1168,9248
Notting Hill,0125439,1472,9609
Bad Words,2170299,1567,9398
The Descendants,1033575,2174,13027
Paradise,1262990,1733,10932
American Psycho,0144084,1684,9597
The Leisure Seeker,3741632,1760,10284
The Pelican Brief,0107798,1595,11095
Velvet Buzzsaw,7043012,1329,9406
A Simple Plan,0120324,1162,7849
Death Sentence,0804461,491,5333
I Think I Love My Wife,0770772,1566,10127
The Devil s Own,0118972,1447,8627
McCabe Mrs Miller,0067411,1426,11614
Get Him to the Greek,1226229,2095,13886
The Fighter,0964517,1304,10263
Donnie Darko,0246578,1291,8617
The Big Easy,0092654,1790,9565
Jaws,0073195,1366,9230
Only God Forgives,1602613,933,5595
One Flew Over the Cuckoo s Nest,0073486,1520,10006
Go,0139239,1637,7568
Conquest of the Planet of the Apes,0068408,776,5752
Fight Club,0137523,1895,12049
Moulin Rouge,0203009,1272,9021
The Thing Called Love,0108327,1608,12386
Eight Legged Freaks,0271367,1155,4972
Sixteen Candles,0088128,1486,8404
Rent,0294870,1893,10215
The Day the Clown Cried,0068451,1545,11321
Robin Hood,4532826,1087,10387
Fallen Angels,0112913,1230,7935
Jarhead,0418763,1494,9652
Terms of Endearment,0086425,2041,14032
Four Weddings and a Funeral,0109831,1517,11882
Macbeth,10095582,626,5800
The Angriest Man in Brooklyn,1294970,1584,11472
Letters from Iwo Jima,0498380,1385,8397
What They Had,6662736,1400,8483
Car Wash,0074281,836,9187
Unbroken,1809398,729,3570
Ferris Bueller s Day Off,0091042,1609,9902
Spacejacked,0120174,1000,7384
Palm Springs,9484998,1449,9555
Cool Runnings,0106611,1071,8766
Days of Thunder,0099371,1316,14010
The Fly,0091064,1001,5296
Salvador,0091886,1625,13924
Superman The Man of Steel,1453257,1403,10884
Totem,6791238,1053,5562
Something s Gotta Give,0337741,2196,14503
Schindler s List,0108052,1302,8820
Bedlam,0038343,984,9896
Napoleon and Samantha,0068990,1496,17076
Henry Fool,0122529,1613,9358
Toy Story,0114709,1611,7466
Tender Mercies,0086423,1877,11423
High Noon,0044706,1368,9855
Little Miss Sunshine,0449059,1764,9078
As Good as It Gets,0119822,1492,11044
Chapter One Genesis,0759572,786,5001
Jason Goes to Hell The Final Friday,0107254,403,2845
The Lost World,0016039,1116,7223
Romancing the Stone,0088011,1053,6820
Any Given Sunday,0146838,3776,27979
National Treasure,0368891,1540,8958
1408,0450385,898,5715
The Burrowers,0445939,1077,5685
Lake Placid,0139414,1020,6793
The Flintstones,0109813,1283,10012
The Wedding Singer,0120888,1776,12144
Sling Blade,0117666,1880,14474
Mistress America,2872462,1718,12681
Before Sunrise,0112471,1100,10814
Pleasantville,0120789,1530,9811
What Lies Beneath,0161081,1272,6680
Hellraiser Bloodline,0116514,1139,6083
Gangs of Wasseypur,1954470,1001,7678
Win Win,1606392,2142,9611
Cold Mountain,0159365,1537,10050
Hold the Dark,5057140,1086,5952
20th Century Women,4385888,1069,7351
Mandingo,0073349,1475,10162
Pixels,2120120,1283,10236
Say Anything,0098258,1981,10571
All the Money in the World,5294550,1866,11560
Five Feet High and Rising,0240507,323,1781
Get Out,5052448,1487,7410
Julieta,4326444,1303,9340
Law Abiding Citizen,1197624,1780,10898
The Insider,0140352,1779,13922
All Is True,9206798,1474,10524
Gold,1800302,1757,12504
Bad Day at Black Rock,0047849,1176,7909
Drugstore Cowboy,0097240,1197,11303
42,0453562,1730,11784
In the Loop,1226774,2327,15446
Eternal Sunshine of the Spotless Mind,0338013,2039,11534
The American President,0112346,2306,17517
Lost,0411008,1228,8779
I ll See You in My Dreams,3236120,1907,10255
Logan,3315342,1510,8256
Tom and Huck,0112302,1172,7288
Silver Linings Playbook,1045658,2745,15816
Pirates of the Caribbean At World s End,0449088,1612,10663
Barton Fink,0101410,1428,9607
American Gangster,0765429,1695,11013
Chronicle,1706593,991,6818
Arrival,2543164,1247,8414
Paris Texas,0087884,2178,13135
Talladega Nights The Ballad of Ricky Bobby,0415306,1629,11136
The Accountant,2140479,1463,9777
The Ruins,0963794,1359,5961
X Men,0120903,1088,7840
13 13 13,2991516,1314,6748
Black Christmas,0454082,764,4391
Thirteen Days,0146309,1629,13441
Made in Dagenham,1371155,1291,11718
Night at the Museum,0477347,1576,11761
Safe House,1599348,1130,6246
The War of the Worlds,0046534,1137,7460
Vicky Cristina Barcelona,0497465,2030,13599
St Vincent,2170593,1899,9097
The Rise and Rise of Michael Rimmer,0066302,1018,8986
Shine,0117631,661,3707
Her,1798709,1743,11203
Friends with Benefits,1632708,1721,9593
Barney s Version,1423894,1736,11936
The Hundred Year Old Mystery,1229165,1210,6800
Super Dark Times,5112578,1464,6593
Reservoir Dogs Sundance Institute 1991 June Film Lab,6493238,1526,12362
The Mask of Zorro,0120746,1417,8176
Blue Velvet,0090756,2612,12800
A Fish Called Wanda,0095159,2104,9232
Battle of the Sexes,4622512,1836,10737
Bird Box,2737304,1279,6786
Piranha 3D,0464154,940,5347
Transformers,0418279,1058,9099
Rolling Thunder,0076637,1274,8070
Welcome to Upload,9072146,749,4253
12 Monkeys,0114746,1911,13139
Joe Versus the Volcano,0099892,0,0
The Meyerowitz Stories,5536736,2426,17128
The Big Blue,0095250,1507,8830
Bright Star,0810784,1103,9826
Duel,0067023,505,3027
Body of Lies,0758774,1722,12863
The Martian,3659388,1560,10279
Wonder Boys,0185014,1993,10809
Kundun,0119485,1199,7331
Avengers Endgame,4154796,1752,11103
The Proposal,1041829,2156,11869
Clue,0088930,1255,6312
The Devil s Advocate,0118971,2149,13418
Kate Leopold,0035423,1635,9298
Panic Room,0258000,1026,6227
Backdraft,0101393,1541,10540
Sister Act,0105417,2223,10731
Paper Moon,0070510,1551,10118
The Graduate,0061722,1822,10510
A Hard Day s Night,0058182,1203,8284
Sherlock Holmes,0988045,1439,9672
K PAX,0272152,1790,12265
The Edge of Seventeen,1878870,1458,9597
The Last Black Man in San Francisco,4353250,1281,7573
John Wick,2911666,786,3670
The Interpreter,0373926,1145,6460
The Hitchhiker s Guide to the Galaxy,0371724,1684,10681
Maria Full of Grace,0390221,1414,8249
Timeline,0300556,660,4158
The Old Man the Gun,2837574,1260,7054
Being Human,0106379,1595,13134
Three Men and a Baby,0094137,1990,14994
Grand Hotel,7671068,1700,13167
Lone Star,0116905,1422,12780
Grabbers,1525366,1285,6183
The Girl on the Train,3631112,1259,7306
Harry Potter and the Half Blood Prince,0417741,2035,11897
The Italian Job,0290675,1054,6648
Erik the Viking,0097289,1337,7261
Straight Outta Compton,1398426,2028,13379
Made for Each Other,0031602,1390,11444
Southern Comfort,0083111,1477,7167
Goodfellas,0099685,1796,11313
A Separation,1832382,1632,11798
The Founder,4276820,1469,9250
Kingdom of Heaven,0320661,1316,10509
Whiteout,0365929,1047,5672
Tin Men,0094155,2246,17313
The Mechanic,0472399,1287,7127
The Horse Whisperer,0119314,1883,14213
The Twilight Saga New Moon,1259571,1644,9357
Synecdoche New York,0383028,2454,12092
The Godfather,0068646,1697,13444
Gremlins,0087363,883,4320
A Nightmare on Elm Street 5 The Dream Child,0097981,949,5459
Jumanji,0113497,1179,6241
Good Night and Good Luck,0433383,984,11031
Limbo,0164085,1399,11515
Moonlight,4975722,1023,6229
Hollow Man,0533545,1470,7181
Pet Sematary II,0105128,784,4930
True Believer,0098524,1290,9514
Reality Bites,0110950,1566,12803
The Man Who Wasn t There,0243133,1298,9464
The Whistleblower,0896872,1404,9516
Saving Private Ryan,0120815,1382,9872
Outbreak,0525549,1460,9790
The Salton Sea,0235737,1482,9006
Scream 4,1262416,1417,8040
The Killing of a Sacred Deer,5715874,1754,11682
The Good Dinosaur,1979388,802,3555
Kick Ass,1250777,1571,9560
Harry Potter and the Sorcerer s Stone,0241527,1919,12159
Postcards from the Edge,0100395,2236,15727
Last Time Forever,0479942,844,5066
The King s Speech,1504320,1721,11351
Army of Darkness,0106308,654,3218
The Croods,0481499,1383,5390
Wild Things Diamonds in the Rough,0448179,996,7101
The Haunting in Connecticut,0492044,1132,6645
Colette,5437928,1743,10990
Hackers,0113243,1135,6598
Rambo First Blood Part II,0089880,610,3805
Lights Out,4786282,1095,5798
Hitman,0465494,1982,11172
How to Train Your Dragon,0892769,1259,5690
I Walked with a Zombie,0036027,825,7014
The Village,0368447,437,3316
Stolen Summer,0286162,1536,9560
Solomon Kane,0970452,1363,8702
If Beale Street Could Talk,7125860,1394,11118
La La Land,3783958,1032,5956
Sunshine,0448134,964,5173
Amour,1602620,1009,5885
The Hole,1085779,1026,5925
How to Lose Friends Alienate People,0455538,1690,9687
Infinitely Polar Bear,1969062,1413,8930
Film Stars Don t Die in Liverpool,5711148,1458,9361
21 Jump Street,1232829,1849,11604
My Own Private Idaho,0102494,938,6227
Pirates of the Caribbean Dead Men Tell No Tales,1790809,1409,9129
300,0416449,1106,6971
Enough Said,2390361,1638,9027
American Bully,1169133,1757,18844
Mighty Morphin Power Rangers The Movie,0113820,864,5246
The Boondock Saints,0144117,1562,10139
Inglourious Basterds,0361748,2108,16777
Life on Liberty Street,0399281,1600,8854
Little Monsters,0097758,1205,6451
Devil in a Blue Dress,0112857,1472,9905
Luke and Brie Are on a First Date,1106815,1650,9182
Bright,5519340,1616,8419
End of Days,0146675,1368,6873
Cedar Rapids,1477837,2091,12548
The Brothers Bloom,0844286,1381,9021
Moonstruck,0093565,1510,7914
Frank Miller s Sin City A Dame to Kill For,0458481,1397,7767
Julia,0076245,1570,10105
Logan s Run,0074812,1227,7419
Elf,0319343,1585,9362
Hider in the House,0097503,895,6414
The Wild Bunch,0065214,1135,9831
Time Bandits,0081633,1443,10126
Malibu s Most Wanted,0328099,1516,9011
Me and Earl and the Dying Girl,2582496,1790,12116
The Hangover,1119646,1421,9007
The Witches of Eastwick,0094332,2096,9677
There s Something About Mary,0129387,1961,13490
Friday the 13th Part III,0083972,719,4168
Man Overboard,1186829,1517,8945
X Men The Animated Series,0103584,1088,7840
My Best Friend s Birthday,0359715,1660,9480
The Talented Mr Ripley,0134119,1473,10197
The Phantom of the Opera,0016220,328,2943
At First Sight,0132512,1550,11031
Dunkirk,5013056,510,2879
Unthinkable,0914863,2085,13752
Quiz Show Winner,4335006,1974,14373
His Girl Friday,0032599,2826,19831
In the Bedroom,0247425,1273,8521
The Thin Red Line,0058648,3574,22585
MASH,0066026,1593,12722
The Artist,1655442,235,1722
Jaws 3 D,0085750,1132,5471
RED,1245526,1517,7453
Suspiria,1034415,1230,7866
Labor Day,1967545,1417,10301
The Best Little Whorehouse in Texas,0083642,1518,13488
Green Lantern,1133985,1462,10186
Beautiful Girls,0115639,1532,12387
A Monster Calls,3416532,1558,9519
Serenity,0379786,1487,10676
WarGames,0086567,1241,7900
Michael Clayton,0465538,1567,13885
Mid90s,5613484,1449,8656
Batman Year One,1672723,1483,9745
War of the Worlds,0407304,1064,5781
The A Team,0429493,1491,8288
Driving Miss Daisy,0097239,1830,10497
Frances,0083967,1959,12865
Anastasia,0118617,797,4423
Die Hard with a Vengeance,0112864,1505,8912
Heavy Metal,0082509,605,3765
Juno,0467406,1466,9625
Queen of the Damned,0238546,1348,8245
The Little Mermaid,0097757,1119,6709
Horrible Bosses,1499658,1915,10871
Necromancer,0095716,1333,7424
Margot at the Wedding,0757361,1662,8994
Silverado,0090022,1278,7764
Scream 3,0134084,1378,9225
A Perfect World,0107808,1758,9609
A Nightmare on Elm Street,0087800,1033,6443
Three Kings,0120188,1477,8938
Conspiracy Theory,0118883,1469,7558
Letters to Juliet,0892318,1567,9136
Sweet November,0230838,1696,9929
Hancock,0448157,1516,7219
The King of Comedy,0085794,1997,12902
Godzilla,0120685,1113,6705
Revolutionary Road,0959337,1326,8272
Downsizing,1389072,1968,14438
Toni Erdmann,4048272,1441,10271
Fences,2671706,3230,21799
Precious,0929632,1544,9863
Only Angels Have Wings,0031762,1896,14321
Bridesmaids,1478338,2550,14663
An American Werewolf in Paris,0118604,1371,7335
The Kings of Summer,2179116,1739,9117
The Odd Couple II,0120773,1964,12456
The Smurfs,0472181,1433,8705
Stargate,0111282,1048,4905
Queen Slim,8722346,1502,8645
Ali,0248667,1911,12922
Frozen River,0978759,1324,6586
Indiana Jones and the Temple of Doom,0087469,1025,6519
Mallrats,0113749,1856,12996
NightMan,0128886,1360,10557
A Clockwork Orange,0066921,1234,9814
Girl with a Pearl Earring,0335119,958,5557
Signs,0286106,999,6170
Hardball,0657508,1483,10498
Texas Chainsaw,1572315,676,4741
The Mask,0110475,1520,9049
Hell or High Water,2582782,1509,9920
Robin Hood Prince of Thieves,0102798,1826,9324
Maggie s Plan,3471098,1670,10271
10 Cloverfield Lane,1179933,957,5787
Tall in the Saddle,0037343,1258,10727
VR 5,0112209,1152,6678
Ruben Brandt Collector,6241872,866,4307
Crouching Tiger Hidden Dragon Sword of Destiny,2652118,967,5559
Red Sparrow,2873282,1366,11547
Kingsman The Secret Service,2802144,1963,12595
Never Been Kissed,0151738,1647,10439
The Equalizer,0455944,996,5335
Lee Daniels The Butler,1327773,1170,10754
Crazy Rich Asians,3104988,2248,12783
The Happening,0949731,789,5329
Thir13en Ghosts,0245674,1108,6450
Valentine,0242998,1392,7266
Ocean s 11,0054135,1739,11008
Courage Under Fire,0115956,2175,12986
Memoirs of a Geisha,0397535,1218,9082
Strange Days,0114558,2056,12849
Moonrise Kingdom,1748122,1273,6342
Affliction,0118564,1504,8779
Lost Souls,0160484,1123,7443
Highlander,0091203,1305,7313
DeepStar Six,0097179,720,4039
Phone Booth,0183649,1729,10938
City Island,1174730,1533,10079
Toy Story 2,0120363,978,5706
RocknRolla,1032755,1221,11204
Waterworld,0114898,1178,5771
Fantastic Mr Fox,0432283,963,5799
The Social Network,1285016,2253,16247
Three Sappy People,0032029,319,1587
The Great Escape,0057115,2286,12111
Hannah and Her Sisters,0091167,2454,19022
You Were Never Really Here,5742374,335,1768
Get Rich or Die Tryin,0430308,1273,10285
Independence Day,0116629,1336,8366
Machine Gun Preacher,1586752,1226,9265
Victoria Abdul,5816682,1195,7757
The Wife,3750872,1576,10638
The Night of the Hunter,0048424,1323,7694
Man on the Moon,0125664,1725,10949
Anatomy of a Murder,0052561,2195,23108
An Affair to Remember,0050105,1287,9651
Snatch,0208092,1414,10367
Big Fish,0319061,1453,9934
The Fisher King,0101889,1525,12166
Hellraiser III Hell on Earth,0104409,1260,6011
The Crazies,0455407,874,4700
Rachel Getting Married,1084950,1486,8609
Vertigo,0052357,1926,11010
Hustlers,5503686,1231,7724
Monkeybone,0166276,1307,7797
Prisoners,1392214,1064,8314
Young Adult,1625346,1623,9301
The Brady Bunch Movie,0112572,1468,9583
Constantine,0360486,1124,6486
Rush,1979320,1289,8363
The Debt,1226753,1117,5747
The Departed,0407887,2292,13988
25th Hour,0307901,1884,9774
Moby Dick,0049513,1865,11278
Ishtar,0093278,1061,10875
Outland,0082869,1418,7410
Bright Angel,0101510,1942,10460
The Karate Kid,0087538,1361,6332
Hardware,0099740,839,4188
Airplane II The Sequel,0083530,1471,9428
Wrongfully Accused,0120901,873,5653
Normal Adolescent Behavior,0790721,1648,8850
No Strings Attached,1411238,1950,9739
Crank,0479884,1085,5923
Little Women,3281548,1735,12757
E T the Extra Terrestrial,0083866,1098,4471
The Nun,5814060,1020,7174
The Predator,3829266,1278,7122
The Reader,0976051,1075,6286
Star Trek The Motion Picture,0079945,1082,9455
Ocean s Eight,5164214,1466,8562
Hook,0102057,695,5206
To Kill a Mockingbird,0056592,1535,15123
Oldboy,0364569,885,4592
Zulu Dawn,0080180,749,5739
A Mighty Heart,0829459,1811,11263
Nixon,0113987,2865,24106
Date Night,1279935,1791,9865
Valentine s Day,0817230,1778,10920
The Aeronauts,6141246,879,6339
Final Destination 2,0309593,1130,6998
Broken Arrow,0115759,998,5998
Kalifornia,0107302,1074,7306
Deja Vu,0453467,1447,9377
Alien Nation,0094631,1049,7623
Broadcast News,0092699,1839,14384
Awake,0211933,785,6296
Veep,1759761,1331,10863
Elizabeth Blue,5881892,1212,8300
Margin Call,1615147,1357,9165
White Squall,0118158,1688,10720
Vantage Point,0443274,959,6971
Spartacus,0054331,2100,20289
Booksmart,1489887,1637,10664
Mr Destiny,0100201,2118,13185
Psycho,0054215,1266,10196
Toy Story 3,0435761,1782,8075
Submarine,1440292,1294,8781
Salt of the Earth,0047443,1245,8732
Drive,0780504,710,5808
The Fog,0080749,871,5264
Animal Kingdom,1313092,1665,9739
It,1396484,1609,7667
Man Trouble,0104804,1272,11713
Beverly Hills Cop,0086960,1454,10836
Dangal,5074352,1194,10529
Balls Out Gary the Tennis Coach,0787470,1420,9098
After School Special,0371514,1929,9827
Grand Theft Parsons,0338075,1402,7556
Eye in the Sky,2057392,1389,9088
Pet Sematary,0098084,1316,8055
The English Patient,0116209,1336,8615
Vacancy,0452702,867,4662
Demolition Man,0106697,1267,9113
Fracture,0488120,1407,9153
The Leopard Man,0036104,944,7557
The Company of Wolves,0087075,846,4274
The Way Way Back,1727388,1629,9030
The Men Who Stare at Goats,1234548,1464,9014
Secondhand Lions,0327137,1354,7748
Safety Not Guaranteed,1862079,1340,8417
Grand Hotel,0022958,1639,12574
The Hollars,3714720,2086,10345
Airplane,0080339,1295,8764
Joker,7286456,1455,8938
99 Homes,2891174,1572,10275
Intolerable Cruelty,0138524,1620,9390
The Getaway,0068638,933,5259
First They Killed My Father,4882376,543,3129
Stepmom,0120686,2211,13884
Nine,0875034,1138,6887
Maverick,0110478,1975,14146
Cool Hand Luke,0061512,1365,8729
The Hebrew Hammer,0317640,1262,8077
Quantum Project,0239860,208,1109
Final Destination,0195714,922,6477
Warning Shot,5113250,1551,9518
Near Dark,0093605,1090,4343
Molly s Game,4209788,2489,23635
The Guard,1540133,1701,11067
12 Years a Slave,2024544,1695,11588
Dave,8531222,1238,9365
Midsommar,8772262,1867,10846
The Incredible Hulk,0800080,1146,8664
Cloak Dagger,0087065,1488,9511
Notes on a Scandal,0465551,1298,8408
The Producers,0063462,1580,8609
Dallas Buyers Club,0790636,1201,8793
The Expendables,1320253,1030,6908
Mr Right,2091935,1149,8737
The Man Who Knew Too Much,0049470,1572,11038
Four Feathers,0005353,1929,13781
The Lost Son,0144286,2347,22814
Wedding Crashers,0396269,1895,10429
9 to 5,0080319,1155,7986
The Cable Guy,0115798,1753,10519
Insidious Chapter 2,2226417,1151,6487
Burlesque,1126591,1604,9057
Mission Impossible,0117060,1127,8647
The Truman Show,0120382,1024,8008
Charade,0056923,1719,12271
Dune,0087182,1094,8121
Looney Tunes Back in Action,0318155,1156,7181
A Christmas Carol,0044008,1201,9615
Superbad,0829482,2035,10896
Diary of a Wimpy Kid,1196141,1151,7804
Mirrors,0790686,1023,7216
The Change Up,1488555,1702,11318
Altered States,0080360,1231,12358
The Wolf of Wall Street,0993846,1924,16053
Jeepers Creepers,0263488,1105,6843
About Time,2194499,1817,11254
Coco,2380307,1661,8976
Little Children,0404203,1491,9897
War Horse,1568911,1556,8315
S1m0ne,0258153,1860,14172
Hellbound Hellraiser II,0095294,904,3809
To Sleep with Anger,0100791,1122,9284
The Roommate,1265990,1383,5691
Casino Royale,0381061,1218,9411
The Babysitter,4225622,1123,6367
Days of Heaven,0077405,1755,11175
The Other Guys,1386588,1878,12200
You Only Live Twice,0062512,1837,11592
American Animals,6212478,1267,15245
I Am Number Four,1464540,1111,5637
The Matrix Reloaded,0234215,948,4632
Stuart Little 2,0243585,1315,6360
Percy Jackson the Olympians The Lightning Thief,0814255,1489,7877
Waves,8652728,1346,9107
Jackie Brown,0119396,2452,16999
Darkest Hour,4555426,1180,9077
Fright Night,0089175,1532,6583
Heat,0113277,1829,10221
April Fool s Day,0090655,1198,6787
Stan Ollie,3385524,1150,11878
Friday the 13th Part VIII Jason Takes Manhattan,0097388,809,5090
The Third Man,0041959,1772,10256
Lost in America,0089504,2412,15292
3 10 to Yuma,0381849,1093,7405
The Year of Living Dangerously,0086617,1198,8125
Dead Silence,0455760,992,6382
The Stunt Man,0081568,1680,13478
Firetrap,0243907,1315,8575
Dr Jekyll and Mr Hyde,0022835,1698,13900
The Hours,0274558,1550,7199
Ghost,0099653,1830,8700
Crazy Heart,1263670,1577,10136
The Corruptor,0142192,1159,7029
The Hudsucker Proxy,0110074,1393,10823
Deadpool,1431045,1555,7909
If I Had a Hammer,0210742,1333,9247
16 Blocks,0450232,1340,7831
The Day the Earth Stood Still,0043456,1028,9157
The Meg,4779682,1005,7840
National Lampoon s Christmas Vacation,0097958,1451,8776
A Night at the Roxbury,0120770,1907,11297
The Lost World Jurassic Park,0119567,1120,7219
The Relic,0120004,1655,8721
Deep Impact,0120647,1734,13070
Chocolat,0241303,1374,8765
Pandorum,1188729,1498,7717
The Transformers The Movie,0092106,898,5209
Living in Oblivion,0113677,1642,8525
One Chance,1196956,1382,8468
Nocturnal Animals,4550098,1652,9076
The Butterfly Effect,0289879,1389,8569
Identity,0309698,1468,8603
The Matrix Revolutions,0242653,1472,7882
Limitless,1219289,1435,9304
Halloween,1502407,1257,6658
My Mother Dreams the Satan s Disciples in New York,0177023,335,2000
Marriage Story,7653254,2163,18118
In the Heat of the Night,0061811,917,9016
The Way Back,8544498,1124,6267
Hail Caesar,0475290,1409,9866
Den of Thieves,1259528,1412,9045
The Great Gatsby,1343092,1465,10242
Searching for Bobby Fischer,0108065,1750,10377
Beauty and the Beast,2771200,1268,8001
The Utah Murder Project,0831374,1576,10772
J Edgar,1616195,1563,12371
Team America World Police,0372588,701,6259
Wanted,0493464,1048,7234
Ready Player One,1677720,1460,9314
GoldenEye,0113189,695,10636
Before Sunset,0381681,1016,9833
Max Payne,0467197,741,5458
Jurassic Park III,0163025,908,5023
Woman in Gold,2404425,1824,14194
The Adjustment Bureau,1385826,1594,10502
Mr Blandings Builds His Dream House,0040613,1488,12470
Carol,2402927,1616,9423
Prometheus,1446714,1249,5626
Drive Angry,1502404,1124,5418
Legally Blonde,0250494,1636,9879
Swordfish,0244244,1231,7093
TMNT,0453556,1169,6933
The 40 Year Old Virgin,0405422,1881,10948
Never Let Me Go,1334260,1198,7751
Burning Annie,0307879,1963,12466
The Thirteenth Floor,0139809,780,4055
Ghost Rider,0259324,1043,6529
Under Fire,0086510,1260,8338
And Away We Go,1003594,2037,12571
Ingrid Goes West,5962210,1736,10505
The Sound of Music,0059742,589,3889
Carrie,0074285,1145,6150
Breakdown,0118771,1195,5929
Batman Begins,0372784,1237,8565
American History X,0120586,1535,8384
The Darjeeling Limited,0838221,1173,6094
Trainwreck,3152624,2424,13935
Ghost Ship,0288477,1267,6992
The Haunting,0171363,1356,8107
Bridge of Spies,3682448,1515,11305
Rage of the Werewolf,0191391,856,6628
Interstellar,0816692,1871,11633
The Ploughman s Lunch,0086122,1059,7953
Insomnia,0278504,1348,7124
Star Wars Episode II Attack of the Clones,0121765,1878,13895
Caf Majestic,0257298,1693,11880
Battlestar Galactica,0407362,1489,12874
Sucker,0178047,199,1023
Bonnie and Clyde,0061418,1403,10093
Animal Among Us,3612008,1033,8697
The End of the Tour,3416744,1363,10499
Sleuth,0857265,1877,8296
Beloved,0120603,2074,14573
Frost Portrait of a Vampire,0212277,1542,12339
Iron Man,0371746,1313,9708
The Lorax,1482459,1254,6761
Just Mercy,4916630,1594,15798
Knight and Day,1013743,1500,9262
The Secret Life of Walter Mitty,0359950,1935,10630
Face Off,0119094,1147,7553
The Arrival,0115571,1296,8574
Rushmore,0128445,1540,8332
Troy,0332452,1753,9436
The Game,0119174,1029,8842
Under the Skin,1441395,772,3590
Monsters University,1453405,1704,9344
Anomalisa,2401878,1573,7670
Last Action Hero,0107362,1171,8741
I ll Do Anything,0110097,1725,12577
Leaving Las Vegas,0113627,1031,7322
Batman Returns,0103776,1278,7865
The Omen,0075005,1094,6534
Jay and Silent Bob Strike Back,0261392,1704,12627
Spider Man 2,0316654,1585,8082
The Warriors,0080120,1660,8377
The Brave One,0476964,1450,8392
1917,8579674,1252,5653
3 Idiots,1187043,4676,47687
Mr Nobody,0485947,1257,8369
Life of Pi,0454876,847,5860
Dogma,0120655,2445,20445
Philomena,2431286,1313,11105
One Eight Seven,0118531,1838,10292
Dumb and Dumberer When Harry Met Lloyd,0329028,1636,9374
American Splendor,0305206,1211,8586
Man on Fire,0328107,1651,8736
The Only Living Boy in New York,0460890,1548,8241
Kiss of the Spider Woman,0089424,1385,8672
The Spirit of St Louis,0051003,1363,10027
Urban Legend,0146336,1168,6466
Dead Poets Society,0097165,1777,9941
We Own the Night,0498399,1538,10918
Swingers,0117802,1571,9177
The Great Muppet Caper,0082474,1915,11314
Sausage Party,1700841,1660,9004
Fried Green Tomatoes,0101921,1640,13349
The Boy Next Door,3181822,1508,8509
Indiana Jones and the Last Crusade,0097576,1304,6785
Last Flag Flying,6018306,1701,10957
Jacob s Ladder,0099871,2245,11334
Zodiac,0443706,2303,17889
Please Give,0878835,1728,9258
Life,0123964,1784,12131
Pilot,0235326,1181,9206
Hocus Pocus,0107120,1648,8683
American Hustle,1800241,2655,17090
Miami Vice,0430357,1283,8702
Escape from L A,0116225,1014,5416
The Crow Salvation,0132910,1549,8503
The Craft,0115963,1393,7472
Annie Hall,0075686,2220,15957
While We re Young,1791682,1926,13528
Playback,1729217,2179,14627
The Toy,0084809,1636,8539
Sleepy Hollow,0162661,1083,7176
The Four Feathers,0240510,1929,13781
Complete Guide to Guys,0407680,1256,10471
Good Vibrations,1920945,1119,7720
Transcendence,2209764,1389,7365
The Aviator,0338751,1775,12364
Dragon Slayer,3710404,1063,5817
American Beauty,0169547,1410,8345
Basquiat,0115632,1378,7448
Don t Look Now,0069995,853,8854
Network,0074958,1653,18632
127 Hours,1542344,740,5606
Let Me In,1228987,805,4987
30 Days of Night,0389722,710,7367
After Life,0838247,1311,5973
Fahrenheit 451,0360556,1855,9773
The Lobster,3464902,1347,10484
Hard Eight,0119256,1532,10442
Enough,0278435,1278,8062
Tower Heist,0471042,1426,10158
Hidden Figures,4846340,1580,9911
The New World,0402399,2128,17841
Cars 2,1216475,2083,10561
Jaws The Revenge,0093300,852,8335
Sorry Right Number,0469188,385,2397
The Personal Diaries,3328956,1231,9108
Shrek the Third,0413267,1293,6895
One Way Passage,0023305,779,4549
Chinatown,0071315,1744,11075
Tinker Tailor Soldier Spy,1340800,1341,7955
The Ladykillers,0335245,1233,10019
Focus,2381941,1848,10577
This Is the End,1245492,1482,9127
First Reformed,6053438,1115,7661
Scooby Doo,0267913,1347,7313
Hair Show,0382561,1700,10233
White House Down,2334879,1519,10491
Untraceable,0880578,1350,8612
Jaws 2,0077766,1602,8227
Fair Game,0977855,1825,12269
47 Ronin,1335975,1154,7423
Escape from New York,0082340,939,4601
From Dusk Till Dawn,0116367,1317,9895
The Ugly Truth,1142988,1773,11076
Freaked,0109838,1432,7659
Jerry Maguire,0116695,1866,11871
The Sting II,0086370,1704,13133
Catwoman,0327554,934,6562
Jeffrey Archer The Truth,0343861,1708,11024
Event Horizon,0119081,1161,7575
Jennifer 8,0104549,1892,14503
The Howling,0082533,858,6527
Bridget Jones s Baby,1473832,1672,14268
Lawrence of Arabia,0056172,2407,15754
Ready to Wear,0110907,1925,12319
The Florida Project,5649144,1392,7699
Cellular,0337921,1449,7421
Syriana,0365737,1373,11528
A Nightmare on Elm Street 3 Dream Warriors,0093629,1119,6144
The Bodyguard,0103855,1780,10049
Taking Lives,0364045,1564,8039
In the Valley of Elah,0478134,1501,9541
The World Is Not Enough,0143145,1184,7430
xXx,0295701,1390,8771
The Curious Case of Benjamin Button,0421715,1600,16309
Lucy,2872732,991,6500
Blast from the Past,0124298,2243,11637
Harriet,4648786,1464,9859
The Last Dance,0246748,1990,9956
The Passion of the Christ,0335345,615,4405
Cougar Town,1441109,1402,7553
Brad s Status,5884230,1684,11052
Are We Done Yet,0422774,984,6287
Out of Sight,0120780,2029,13947
Remember Me,1403981,1471,7122
The Empty Mirror,0116192,971,8048
The Avengers,0118661,1152,6678
Something Wicked This Way Comes,0086336,1131,6284
Rocky,0075148,1409,10019
The Time Traveler s Wife,0452694,1466,9168
Motherless Brooklyn,0385887,1873,14828
Almost Famous,0181875,2399,15251
We Bought a Zoo,1389137,1562,9852
Encrypt,0338963,1224,7511
Bill Ted Face the Music,1086064,1423,9706
Idle Hands,0138510,1226,7030
Superman,0078346,2629,16868
Double Indemnity,0036775,2091,14944
Casino,0112641,4337,29278
The Fast and the Furious,0232500,1029,5182
The Bunker,0252963,1205,6003
Rise of the Planet of the Apes,1318514,1010,4782
Star Wars Episode IV A New Hope,0076759,1719,10854
Stigmata,0145531,1024,5947
Quo Vadis,0043949,952,6370
The Jerk,0079367,1473,9955
Platoon,0091763,1297,10195
Frequency,0186151,1431,7975
Warm Springs,0423510,1450,8932
Star Trek Nemesis,0253754,1313,9429
Rocky Balboa,0479143,1219,9455
All the King s Men,0041113,1929,13575
The Town,0840361,1621,10846
2012,1190080,1459,8380
Million Dollar Baby,0405159,1528,10110
Love Actually,0314331,1607,12868
Ghost World,0162346,1563,13186
The Maltese Falcon,0033870,2497,19890
Crimson Peak,2554274,1452,8558
Kramer vs Kramer,0079417,1473,12080
The Life Aquatic with Steve Zissou,0362270,1754,11064
So I Married an Axe Murderer,0108174,1577,10147
JFK,0102138,3037,31423
Indiana Jones and the Kingdom of the Crystal Skull,0367882,1576,9648
Empire of the Sun,0092965,1469,9443
Quills,0180073,1419,12388
Diner,0083833,1721,8751
Wonder Woman,0451279,1569,9376
Planet of the Apes,0063442,1235,7977
Tremors,0100814,1300,7755
Hitchcock,0975645,1038,7736
The Searchers,0049730,1093,9443
28 Days,0191754,1759,11255
Skyscraper,5758778,1179,7320
National Lampoon s Vacation,0085995,306,2392
The Shape of Water,5580390,1379,8614
Super 8,1650062,1483,9048
Spartan,0360009,1328,9718
Entrapment,0629253,1407,8152
Galaxy Quest,0177789,1806,11548
Passengers,1355644,1560,7887
Reservation Road,0831884,1347,8407
Harry Potter and the Deathly Hallows Part 1,0926084,1708,10573
The Cider House Rules,0124315,1626,11323
Blazing Saddles,0071230,1426,8128
Shaun of the Dead,0365748,1842,9811
Wonderstruck,5208216,737,4530
A Star Is Born,0075265,1920,12991
Missing,0084335,1680,10949
Munich,0408306,1924,12732
The Hitcher,0091209,794,3884
The Electric Horseman,0079100,1776,11583
The Sorcerer s Apprentice,0963966,1000,6820
Cat People,0034587,1004,7603
Inventing the Abbotts,0119381,1656,9432
Reunion,0483314,1523,9264
She s Out of My League,0815236,1936,10821
The Assignment,0118647,1493,12114
The World s End,1213663,1946,11359
Your Highness,1240982,1525,10691
Up,1049413,1285,5641
The Incredibles,0317705,1480,8840
In Good Company,0385267,1594,9639
Valkyrie,0985699,1233,8384
The Iron Giant,0129167,1132,5902
Nightbreed,0100260,1266,7839
Crazy Stupid Love,1570728,1729,10263
The Nines,0810988,1426,7008
Star Wars Episode V The Empire Strikes Back,0080684,1478,7707
The Rock,0117500,1413,8293
48 Hrs,0083511,1323,9879
Apocalypse Now,0078788,1322,10819
Popeye,0081353,1669,9764
Se7en,0114369,1746,11634
Norma Rae,0079638,1394,9906
Austin Powers The Spy Who Shagged Me,0145660,1286,8095
Johnny Mnemonic,0113481,1229,9908
Prom Night,0081383,736,3603
Sunset Blvd,0043014,1692,11629
Boy Who Never Slept,1781782,965,6673
Star Trek V The Final Frontier,0098382,1161,7323
Disobedience,6108178,1280,6367
Equity,3958780,1377,8933
Changeling,0824747,1709,16128
Pitch Black,0134847,1040,6604
X2 X Men United,0290334,898,5253
Slender Man,5690360,1133,5603
The Bourne Ultimatum,0440963,935,5856
The Post,6294822,1583,11916
The Lighthouse,7984734,1090,5941
Butch Cassidy and the Sundance Kid,0064115,1114,10769
Mulholland Dr,1619856,1163,7402
Singin in the Rain,0045152,1706,12188
Back to the Future,0088763,1565,10649
Who Framed Roger Rabbit,0096438,1194,7683
The Cooler,0318374,1323,8219
House on Haunted Hill,0185371,984,7523
Shakespeare in Love,0138097,1389,9680
The Happy Prince,2404639,1315,9065
Reindeer Games,0184858,1466,10053
Superman II,0081573,2812,21057
BlacKkKlansman,7349662,1648,10547
Raised by Wolves,9170108,431,4543
Concussion,3322364,1920,13758
Happiness,0147612,1833,9247
Nebraska,1804272,1458,8948
Inside Out,2096673,1867,9424
The Double,1825157,1286,7747
The Island of Dr Moreau,0116654,1261,7713
Her Smell,7942742,2055,14129
RKO 281,0120801,1331,10766
17 Again,0974661,1515,7929
Amelia,1129445,1812,11120
Mr Mrs Smith,0356910,1336,6915
Scott Pilgrim vs the World,0446029,2090,11181
The Atomic Submarine,0052587,787,5864
The Back up Plan,1212436,1843,9860
Harry Potter and the Order of the Phoenix,0373889,2511,15409
An Officer and a Gentleman,0084434,1585,10374
The Mummy Tomb of the Dragon Emperor,0859163,1004,7340
Mystic River,0327056,1942,10157
Inherent Vice,1791528,1810,16298
Naked Gun 33 1 3 The Final Insult,0110622,1572,8780
The Comedian,1967614,1835,12353
The Middleman,1122770,1845,13327
Requiem for a Dream,0180093,1550,8940
The Big Lebowski,0118715,1737,10713
ParaNorman,1623288,1234,6311
The Three Musketeers,0108333,1598,9050
Never Look Away,5311542,1516,11090
Pretty Woman,0100405,1770,10239
The Battle of Shaker Heights,0357470,1429,7738
The Kids Are All Right,0842926,1373,7647
The Queen,0436697,1153,8063
Arbitrage,1764183,1565,10191
Harold and Maude,0067185,1594,9849
Evil Dead II,0092991,453,2058
End of Watch,1855199,1695,9091
The Hunt for Red October,0099810,1282,8478
Body Double,0086984,1413,7866
Into the Woods,2180411,1312,8265
Ocean s Eleven,0240772,1733,11001
Forrest Gump,0109830,1768,11768
The Shipping News,0120824,1994,9884
The Wolfman,0780653,1216,8500
I Don t Feel at Home in This World Anymore,5710514,1000,5538
The Limey,0165854,1442,9199
Innerspace,0093260,1802,8738
The Grudge,3612126,1181,5359
Lucy in the Sky,4682804,1573,7753
Mimic,0119675,877,4660
28 Days Later,0289043,1113,5024
Ad Astra,2935510,1087,9362
Disturbing Behavior,0134619,1201,9288
Pirates of the Caribbean The Curse of the Black Pearl,0325980,1396,9736
Citizen Kane,0033467,1699,17135
U Turn,0120399,2249,14471
The Hurt Locker,0887912,1171,6393
Dark Games,1234927,1169,6522
Ed Wood,0109707,2240,13393
The Squid and the Whale,0367089,1497,9402
Hostage,0340163,1531,9562
Downton Abbey,1606375,2095,12604
Captain Phillips,1535109,1810,9376
Call Me by Your Name,5726616,1259,8453
Gone Baby Gone,0452623,2105,15384
The Shining,0081505,1387,8144
Legend,0089469,1341,8051
Rushlights,1536437,1569,10603
Chasing Amy,0118842,1933,15239
Memphis Belle,0100133,1504,8003
Jojo Rabbit,2584384,1535,9974
Jack Goes Boating,1278379,1498,7471
Hacksaw Ridge,2119532,1075,7235
The Babadook,2321549,943,6453
Amadeus,0086879,3022,15966
The French Connection,0067116,954,6001
American Milkshake,2254364,1566,7826
Frankenweenie,1142977,775,3479
8MM,0134273,1360,10553
Fun with Dick and Jane,0076059,787,5070
The Song of Names,1657517,1430,9925
The American,1440728,1353,6197
Apt Pupil,0118636,265,1813
The Interview,2788710,2186,15464
What About Bob,0103241,1875,10055
The Thing from Another World,0044121,1518,14977
Halloween III Season of the Witch,0085636,1003,5413
Runaway Bride,0163187,1753,11461
Rear Window,0047396,1207,8783
Chasing Sleep,0221069,1607,8166
Beasts of No Nation,1365050,1219,7946
Edtv,0131369,1991,12687
Spider Man Into the Spider Verse,4633694,1739,9983
Elysium,1535108,1341,7890
Alone in the Dark,0369226,747,3678
Custody,6002232,1350,7279
The Secret Life of Pets,2709768,1342,7320
The Man Who Invented Christmas,6225520,1460,7927
Cruel Intentions,0139134,1676,9589
Reign of Fire,0253556,1125,5682
Klute,0067309,1259,10300
Wild Hogs,0486946,1998,10945
The Stranger,0038991,2221,16992
The Silence of the Lambs,0102926,1487,11117
Enemy of the State,0120660,1479,9002
The Last Castle,0272020,1777,11642
Master and Commander The Far Side of the World,0311113,1082,7077
The Last Man on Earth,0058700,1526,7788
Paul,1092026,1962,9855
Miles Ahead,0790770,1059,6788
The Wrestler,1125849,1456,5947
15 Minutes,0179626,1933,10888
Monster s Ball,0285742,1025,4659
Bareilly Ki Barfi,6967980,1564,10207
Warrior,1291584,1444,8682
The Last House on the Left,0844708,891,6245
I Smile Back,3640682,1421,8068
The Disaster Artist,3521126,1642,10008
Reasonable Doubt,2304953,1318,7820
Monster,0340855,1897,11678
Patton,0066206,1704,14870
Boyz n the Hood,0101507,1633,10716
Gone Girl,2267998,2230,14673
Mission Impossible II,0120755,1133,8622
The Frighteners,0116365,1041,7221
Planet of the Apes,0133152,1851,13665
Lord of Illusions,0113690,1284,5677
Tin Cup,0117918,1506,13313
Street Kings,0421073,870,6148
Alfie,0375173,1357,11260
Rocky V,0100507,1791,11826
Pi,0138704,1006,5762
The Perks of Being a Wallflower,1659337,1563,8824
Two and a Half Men,0369179,1322,8218
Executive Decision,0116253,1274,8028
Lincoln,0443272,1585,13500
The Big Short,1596363,2138,16090
An American Werewolf in London,0082010,1222,6684
Wall Street Money Never Sleeps,1027718,1693,13220
Damsels in Distress,1667307,1888,13183
Star Wars Episode VII The Force Awakens,2488496,1399,7230
Slither,0439815,1072,4981
Extract,1225822,1763,11699
DragonHeart,0116136,1226,6934
Heavenly Creatures,0110005,3343,20758
Scarface,0086250,873,6121
Shoot the Moon,0084675,1610,9262
The X Files Fight the Future Blooper Reel,7083566,1074,7552
Black Hawk Down,0265086,1708,8832
V for Vendetta,0434409,1846,11756
Sleepless in Seattle,0108160,1518,10991
Hereditary,7784604,1510,8169
My Name Is Bruce,0489235,1155,7986
War for the Planet of the Apes,3450958,842,4748
The Damned United,1226271,1469,10097
Son of Saul,3808342,643,3300
Breaking Bad,0903747,736,4033
Midnight in Paris,1605783,1121,10021
The Imitation Game,2084970,1786,11216
The Savages,0775529,1653,9046
Norman,4191702,2172,16164
Little Athens,0417907,1909,10004
Antitrust,0218817,1543,9738
The Fault in Our Stars,2582846,1678,10493
MacGruber,1470023,1445,8709
Big Eyes,1126590,1679,9384
The Fifth Estate,1837703,0,0
About Schmidt,0257360,1807,14003
My Big Fat Greek Wedding 2,3760922,1050,6250
Black Panther,1825683,1533,7759
Truth,3859076,1614,13639
Tenet,6723592,1786,11684
Minority Report,0181689,1916,12013
The Client,0109446,1995,13008
The Fugitive,0106977,1113,6520
Shivers,0073705,780,5173
Next Friday,0195945,1335,7050
Downhill,4558376,1698,8243
Free Fire,4158096,924,4780
They,0283632,1486,8065
Pie lette,1017495,861,6685
Crawl,8364368,624,2427
Watchmen,0409459,1685,10778
The Jetsons Meet the Flintstones,0192175,1288,10086
The Crow City of Angels,0115986,595,3487
The Bourne Supremacy,0372183,1150,6941
Midnight Express,0077928,1158,8135
The Lion in Winter,0063227,2162,14731
Pain and Glory,8291806,1345,10485
This Boy s Life,0108330,1673,11509
The Rider,6217608,923,4981
Gamer,1034032,924,6295
Colombiana,1657507,1467,6949
Obsessed,1198138,1472,8190
The Time Machine,0054387,1150,7369
Matchstick Men,0325805,1715,9538
White Christmas,0047673,1133,7678
Cobb,0109450,1559,12177
Water for Elephants,1067583,1545,10272
Titanic,0120338,1815,11241
The Lost Boys,0093437,1082,5695
American Outlaws,0244000,1312,8665
G I Jane,0119173,1596,10892
The Hindenburg,0073113,1502,9225
The Faculty,0133751,1657,7714
Machete,0985694,1048,5399
10 Things I Hate About You,0147800,1243,8221
The Godfather Part II,0071562,2141,18231
The Mirror Has Two Faces,0117057,1877,13035
The Greatest Showman,1485796,1380,9545
The Tree of Life,0478304,1936,12409
Music of the Heart,0166943,1578,10766
Superman III,0086393,1799,12248
Up in the Air,1193138,1605,9817
The Hills Have Eyes,0454841,840,4579
Saboteur,0035279,1839,13399
Agnes of God,0088683,1268,8314
Looper,1276104,1299,7568
Get Carter,0067128,1067,5070
Lady Bird,4925292,1304,9316
The Imaginarium of Doctor Parnassus,1054606,1716,8271
Cradle 2 the Grave,0306685,1194,5636
Ran,0089881,1345,9381
The Texas Chain Saw Massacre,0072271,1084,6050
I Love You Man,1155056,1971,14418
State and Main,0120202,1565,11931
X Men Origins Wolverine,0458525,1054,6104
Superfights,0114582,969,5097
On the Waterfront,0047296,1666,11987
Con Air,0118880,1346,11200
The Ring,0298130,680,4578
Ninja Assassin,1186367,1099,6754
There Will Be Blood,0469494,1225,10721
The Saint,0120053,1784,10433
The Watermelon Woman,0118125,1787,12246
Kubo and the Two Strings,4302938,1018,5671
Breathe,5716464,1540,8824
American Shaolin,0101327,1078,6584
Frances Ha,2347569,1590,9560
Alien Covenant,2316204,1241,7380
R D Laing IMDb,4153228,706,6076
Predator 2,0100403,906,6580
Kill Bill Vol 2,0378194,1927,15696
Meet Joe Black,0119643,2290,16290
Second Act,2126357,1606,10739
Blood Diamonds,0743446,1359,8171
Nurse Betty,0171580,2218,15156
The Sisters Brothers,4971344,1089,7000
The Postman,0119925,1822,9517
Hellboy II The Golden Army,0411477,999,6642
Sam I Am,0539417,1865,11722
The Godfather Coda The Death of Michael Corleone,0099674,1495,10872
How to Train Your Dragon 2,1646971,1138,5744
Day of the Dead,0088993,1360,8001
Analyze That,0289848,2089,12005
Flashdance,0085549,1172,7580
Forgetting Sarah Marshall,0800039,1789,10755
The Lost City of Z,1212428,1533,13219
Baby Driver,3890160,1387,7981
Dumb and Dumber,0109686,1544,9691
When Harry Met Sally,0098635,1731,12360
The Nice Guys,3799694,1985,10342
Death Proof,1028528,2196,13412
It s a Wonderful Life,0038650,2636,16161
The Company Men,1172991,1313,9286
Awakenings,0099077,1433,8767
Sabrina,0047437,1629,10380
Bram Stoker s Dracula,0103874,895,7254
Lady Antebellum Lookin for a Good Time,10871176,2262,13439
Angel Eyes,0225071,1939,9270
Malcolm X,0104797,1868,14252
Daredevil,0287978,1114,6486
The Jazz Singer,0018037,386,4203
The Mummy Returns,0209163,859,5352
Thor,0800369,1557,9119
Celeste Jesse Forever,1405365,2079,10315
King Kong,0360717,1186,6631
Great Expectations,0119223,1462,11390
Semi Pro,0839980,1853,11564
Being There,0078841,1646,13228
Cabaret,0068327,1217,12800
Caddyshack,0080487,1349,8651
Stone,1423995,1465,9144
I Spit on Your Grave,1242432,1084,5990
The Sun Is also a Star,6423362,1718,11182
The Bourne Identity,0258463,1137,7945
Suspect Zero,0324127,1468,7665
When a Stranger Calls,0080130,1123,5813
The Hunger Games,1392170,1529,9029
The Egyptian,0046949,1095,11855
Taxi Driver,0075314,1457,9079
K2,0102178,1594,9959
Thelma Louise,0103074,1879,10964
Hotel Transylvania 2,2510894,1884,10287
Joy,2446980,2472,14826
Kung Fu Panda,0441773,1219,5669
Ocean s Twelve,0349903,1769,9965
Smokey and the Bandit,0076729,957,6063
Cape Fear,0055824,942,9769
Coming Home,0077362,1682,12802
Scrooged,0096061,1570,8472
Click,0389860,1423,6370
The Matrix,0133093,1446,7803
Wild Wild West,0120891,1297,9352
Passenger 57,0105104,896,5521
Babel,0449467,1272,7864
Sweeney Todd The Demon Barber of Fleet Street,0408236,1311,10696
Candyman,0103919,861,5235
Pacific Rim,1663662,1418,8376
The Hustler,0054997,1590,8825
King Kong,0024216,1121,6716
The Help,1454029,2135,13126
Fantastic Four,0120667,1332,8673
Batman v Superman Dawn of Justice,2975590,1886,10876
The Island,0399201,1781,12180
Idiocracy,0387808,1757,12720
Surrogates,0986263,1078,6796
Above the Law,0094602,1095,7332
Halloween Resurrection,0220506,696,4839
Hollow Man,0164052,1470,7178
Mud,1935179,1747,8586
Evil Under the Sun,0083908,1823,16635
Highlander The Final Dimension,0110027,1097,6410
The Thin Red Line,0120863,3574,22585
Eastern Promises,0765443,1199,7136
Five Easy Pieces,0065724,971,7916
Maudie,3721954,1350,7901
Bruce Almighty,0315327,1472,9031
Rails Ties,0822849,1335,6821
Sounder,0069303,773,7627
Avatar,0499549,1459,8386
Stir of Echoes,0164181,1291,7540
Live Free or Die Hard,0337978,1507,8200
Conan the Barbarian,0816462,1133,5873
Body Snatchers,0106452,877,7954
Stalag 17,0046359,1928,11926
Slackers,0240900,2131,11682
Margaret,0466893,3183,24037
The Cabin in the Woods,1259521,1106,7862
The Girl with the Dragon Tattoo,1568346,1517,12180
Into the Wild,0758758,1513,10451
I Know What You Did Last Summer,0119345,1401,6799
Legion,1038686,1227,6527
Bill Ted s Excellent Adventure,0096928,1107,6013
The Cutting Edge,0104040,1454,11575
The Apartment,0053604,1672,14132
A Nightmare on Elm Street 3 Freddy s rache,12734734,1043,7138
The Fabulous Baker Boys,0097322,2293,11995
The Pacifier,0395699,1280,7093
The Box,0362478,1196,7077
Absolute Power,0118548,981,8296
Testament of Youth,1441953,1455,10307
Twin Peaks Fire Walk with Me,0105665,1487,9259
Hyde Park on Hudson,1477855,1571,9033
The Boondock Saints II All Saints Day,1300851,1661,9995
The Dark Knight Rises,1345836,1861,11934
My Cousin Vinny,0104952,1654,13153
A Fantastic Woman,5639354,874,4490
Edge of Tomorrow,1631867,1385,8264
Death Note,1241317,1335,9266
Magnolia,0175880,2028,20213
Boiler Room,0181984,2164,14656
The Other Boleyn Girl,0467200,1510,9059
Fear and Loathing in Las Vegas,0120669,1674,11672
Roma,6155172,1291,6835
The Birds,0056869,1865,11519
Sexy Beast,0203119,1751,12454
Lock Stock and Two Smoking Barrels,0120735,1353,10091
Melvin and Howard,0081150,1158,8322
The Midnight Meat Train,0805570,760,3933
Mystery of the Wax Museum,0024368,1269,9376
Bad Country,2350892,1242,7478
Ryan Hansen Solves Crimes on Television,7068580,596,3600
The X Files,0120902,1074,7560
Butter,1349451,1205,8637
The Terminal,0362227,1030,6338
Lars and the Real Girl,0805564,1387,7691
Stick It,0430634,1495,9799
A Perfect Getaway,0971209,1310,9996
Hanna,0993842,1329,6076
Young Frankenstein,0072431,1956,10714
A Nightmare on Elm Street 4 The Dream Master,0095742,762,4024
Game Night,2704998,1911,10712
Moneyball,1210166,2872,17005
Snow Falling on Cedars,0120834,2424,14597
Inside Man,0454848,2328,15260
Detroit Rock City,0165710,1480,10033
Terminator 2 Judgment Day,0103064,1124,5995
Gattaca,0119177,969,8585
The Breakfast Club,0088847,1045,8429
The Program,0107889,1689,11803
Metropolis,0017136,864,4655
The Ballad of Buster Scruggs,6412452,1132,7591
Surveillance,0261336,1870,11375
Tamara Drewe,1486190,1691,9412
The Birth of a Nation,4196450,1124,7853
You Can Count on Me,0203230,1271,9449
Phantom Thread,5776858,760,6278
Extremely Wicked Shockingly Evil and Vile,2481498,1262,10866
Blade Runner,0083658,1131,6882
Bound,0115736,1369,7273
I Saw the Light,1490785,1551,12789
The Big Sick,5462602,2081,12984
Cop Land,0118887,1550,9018
Giant,0049261,2446,17204
The Seventh Victim,0036341,1268,9995
Mini s First Time,0425253,1382,11453
Land of Mine,3841424,1411,7021
The Prestige,0482571,1544,9699
Little Nicky,0185431,1263,7852
Eagle Eye,1059786,1444,10798
Cabin Fever Family Friendly Version,1010382,1275,6714
Collateral,0369339,1609,8657
I Love You Phillip Morris,1045772,1527,9635
The Losers,0480255,1263,7871
Lethal Weapon 4,0122151,2024,9909
Frailty,0264616,1585,10070
Burn After Reading,0887883,1806,9107
Crash,0115964,477,2948
Hero,0104412,1847,13463
The Miracle Worker,0056241,134,1205
Zootopia,2948356,1708,9780
Calvary,2234003,1617,10741
Les Mis rables,1707386,1688,13250
An Education,1174732,2002,11228
Stranger Than Fiction,0420223,1968,10898
Arthur,1334512,1810,10860
Pineapple Express,0910936,1880,10015
Frankie,8019694,2027,12545
Assassins,0112401,1432,7505
My Friend Dahmer,2291540,1521,7695
Get on Up,2473602,1969,10903
The Manchurian Candidate,0368008,1317,10509
Westworld,0475784,748,4438
Supergirl,0088206,1806,10942
As Above So Below,2870612,1366,6969
The Strangers,0482606,998,3596
Apache Drums,0043291,941,7907
Sasquatch Mountain,0486569,1101,6498
Excalibur,0082348,1070,7636
The Verdict,0084855,1636,11286
The Conjuring,1457767,993,7360
Angels with Dirty Faces,0029870,1225,16711
Speed,0111257,1224,6342
Planet 51,0762125,1106,6125
The Legend of Zorro,0386140,1117,9650
Y The Last Man,8042500,1417,11191
Creed,3076658,1501,9579
Star Wars Episode III Revenge of the Sith,0121766,1996,10926
The Last of the Mohicans,0104691,1047,7872
Mumbai Diaries,1433810,1305,7999
T2 3 D Battle Across Time,0117880,280,1707
Game of Thrones,0944947,652,4208
Flipped,0817177,1420,9685
Mary Poppins Returns,5028340,1481,10905
Learning to Drive,3062976,1241,7205
Shallow Grave,0111149,852,4811
The Bonfire of the Vanities,0099165,2526,14696
Hellboy,0167190,1020,5579
The Paradise Virus,0352696,1218,9210
Chain Reaction,0115857,1483,8445
Rosemary s Baby,0063522,2284,13338
Chill Factor,0163579,1421,9516
New York Minute,0363282,1490,7865
Ronin,0122690,1047,10048
Contagion,1598778,1688,12867
The Bucket List,0825232,1547,11032
Good Luck Chuck,0452625,1660,10423
Silver Streak,0075223,1744,9593
Splice,1017460,1477,6850
Philadelphia,0107818,1663,11757
Miss Sloane,4540710,2063,19005
Mary Rose,0417952,1409,13611
Authors Anonymous,2114461,1960,8820
Black Swan,0947798,1015,4013
Ringu,0178868,683,4035
The Woodsman,0361127,1248,6069
Only Lovers Left Alive,1714915,1294,7920
Summer of 84,5774450,1550,10355
Shampoo,0073692,1726,11015
The Punisher,0098141,1029,5269
First Blood,0083944,837,7249
The Driver,0077474,1258,6161
Okja,3967856,1369,7554
1492 Conquest of Paradise,0103594,1088,7297
Infamous,0420609,1228,8542
Smoke Gets in Your Eyes,0614236,738,5557
Lost in Space,0120738,1401,8617
Erin Brockovich,0195685,1832,13674
Honeydripper,0829193,1098,9870
The Rage Carrie 2,0144814,1261,6683
Blockers,2531344,1613,9024
Heathers,0097493,1587,9693
The Last Boy Scout,0102266,2232,11702
Kin,6017942,1293,8809
Bringing Out the Dead,0163988,1359,8602
The Sessions,1866249,1404,8539
Mr Brooks,0780571,1432,11029
One Good Turn,0021214,229,1946
Larry Crowne,1583420,1876,9509
Jesse James Legend Outlaw Terrorist,0785015,1578,15160
Kill Your Darlings,1311071,1231,5496
Elizabethtown,0368709,1459,10562
Girls Trip,3564472,1817,11896
Prince of Darkness,0093777,660,5029
Jackie,1619029,1067,7566
The Descent Part 2,1073105,922,4074
Poltergeist,0084516,1090,6375
Beneath the Planet of the Apes,0065462,1227,8836
Scary Movie 2,0257106,1515,8309
Candle to Water,2387411,1341,6565
The Death of Stalin,4686844,2003,11278
Fury,2713180,1655,7928
True Romance,0108399,2144,15204
Cross of Iron,0074695,1286,10023
Thief,0083190,1574,8042
Mrs Brown,0119280,956,7279
Very Bad Things,0124198,1718,9866
Blue Ruin,2359024,781,4292
The Parent Trap,0120783,1972,13945
Unbreakable,0217869,1191,7434
Isle of the Dead,0037820,708,6029
Barbershop,0303714,1642,10703
The Parallax View,0071970,1977,9618
Snowpiercer,1706620,1238,7082
Equilibrium,0238380,1157,7757
Gandhi,0083987,1868,16262
My Best Friend s Wedding,0119738,1985,12431
Little Men,4919484,1787,10044
Death at a Funeral,1321509,1818,9575
The Life of David Gale,0289992,1268,7668
Mark Felt The Man Who Brought Down the White House,5175450,1839,13237
Jennifer s Body,1131734,1644,8980
Men in Black,0119654,1235,7430
North by Northwest,0053125,2043,14768
The Spy Who Dumped Me,6663582,2054,12141
Bloodshot,1634106,1209,8113
John Q,0251160,2936,14787
Mrs Winterbourne,0117104,1658,11009
The Young Victoria,0962736,1375,10107
Harry Potter and the Chamber of Secrets,0295297,2013,12244
The Chronicles of Narnia The Lion the Witch and the Wardrobe,0363771,684,5166
The Believer,0247199,1416,10589
Unknown,1401152,1263,7153
Romeo Must Die,0165929,964,7188
Starman,0088172,1413,8414
Harlem Nights,0097481,1769,12728
Seven Years in Tibet,0120102,288,2045
The Adventures of Tintin,0983193,1433,7110
Bad Times at the El Royale,6628394,1519,10115
Gang Related,0118900,1778,11274
Tootsie,0084805,2313,15592
Rush Hour 2,0266915,1257,7841
The Patriot,0187393,1178,7994
Spider Man,0145487,1124,6665
Krull,0085811,1054,6466
Trouble in Paradise,0023622,1331,8390
The Past,2404461,1255,7979
Chapter Seven Loud Fast and Keep Going,6866356,431,2820
Wadjda,2258858,1235,8260
Super Mario Bros,0108255,1172,8069
Martha Marcy May Marlene,1441326,1092,5130
Gangs of New York,0217505,2011,13852
Olympus Has Fallen,2302755,596,3898
The Bridges of Madison County,0112579,1445,9142
Hot Fuzz,0425112,1944,12217
To Catch a Thief,0048728,1437,11318
Cinema Paradiso,0095765,1375,10129
The Poseidon Adventure,0069113,1930,9757
Mr Holland s Opus,0113862,1726,10595
Harold Kumar Go to White Castle,0366551,1636,10557
Buried,1462758,1418,6642
The Anniversary Party,0254099,1842,9794
Fighting with My Family,6513120,1350,7652
Cloudy with a Chance of Meatballs,0844471,1156,6405
Notorious,0472198,1620,10534
Twilight Zone The Movie,0086491,1218,9210
Stranger Things,4574334,661,3452
The Invention of Lying,1058017,1777,11539
Smashed,2063781,1660,10694
Peeping Tom,0054167,1394,8769
The Blast from the Past,0581053,2243,11626
Lord of War,0399295,1489,10533
New Jack City,0102526,855,9873
Chaos,0402910,1350,8382
The Lady in the Van,3722070,1608,8205
You ve Got Mail,0128853,2137,15651
Thunderheart,0105585,1466,9134
Sweet Smell of Success,0051036,1482,14013
Red Eye,0421239,720,6161
Brick,0393109,1377,8977
Rendition,0804522,1480,8601
Steve Jobs,2080374,2245,21685
Trumbo,3203606,1422,11059
Body of Proof,1587669,1553,11367
The Foundation,0495031,1119,8136
Jane Eyre,1229822,1590,12319
Children of the Corn,0087050,1088,5667
Friday,0113118,1267,8210
Grosse Pointe Blank,0119229,1136,7432
The Lego Movie,1490017,1717,9742
I Robot,0343818,1149,6939
Newton,6484982,1321,7386
Anaconda,0118615,1317,6586
Children of Men,0206634,1384,6925
Vanilla Sky,0259711,1611,9776
Disclosure,0109635,2084,14033
3 Godfathers,0040064,1697,13444
Winter s Bone,1399683,915,5843
Up Close Personal,0118055,1162,12362
Velvet Goldmine,0120879,1065,10002
Jimmy and Judy,0425151,1647,9387
Bamboozled,0215545,1978,12859
Far from Heaven,0297884,1984,10627
Unfaithful,0250797,1713,8019
Clash of the Titans,0800320,1267,8281
Guardians of the Galaxy Vol 2,3896198,1457,9219
Wives and Lovers,0057688,1336,7846
Blade,0120611,870,6102
Pitch Perfect,1981677,1529,9745
The Royal Tenenbaums,0265666,1505,8362
Panther,0114084,1341,10125
The Theory of Everything,2980516,1197,6765
The Twilight Saga Eclipse,1325004,1137,8968
Anonymous,1521197,1753,12035
The Devil Wears Prada,0458352,1632,10041
It s Complicated,1230414,1730,11401
The Lord of the Rings,0077869,1773,11584
The Man from U N C L E,1638355,1382,10172
Gremlins 2 The New Batch,0099700,1229,8703
Jade,0113451,1351,11588
Beetlejuice,0094721,1600,9544
Fruitvale Station,2334649,1239,6597
500 Days of Summer,1022603,1845,8515
Prince of Persia The Sands of Time,0473075,1144,7675
Return to Sender,2948790,1170,8938
Die Hard,0095016,1370,10784
Salt,0944835,1004,5910
Tomb Raider,1365519,1101,7862
Love Basketball,0199725,1453,8683
He s Just Not That Into You,1001508,1868,11947
Batman,0096895,1292,7176
The Unborn,1139668,191,853
Victor Frankenstein,1976009,1253,11021
Mississippi Grind,2349144,1688,9765
Ringer,0117480,1770,9536
A Good Year,0401445,1374,9881
The Sandwich Days,1629412,203,1220
Promised Land,2091473,1798,11892
Walking Tall,0351977,656,3937
The Maze Runner,1790864,1175,7463
The Switch,0889573,1779,11005
Close Encounters of the Third Kind,0075860,1541,12801
The Muppets,1204342,1485,9395
The Mummy,0120616,993,6391
Bad Moon,0115610,971,5272
Braveheart,0112573,1257,7969
Three Days of the Condor,0073802,1798,10610
Black Rain,0096933,1007,5381
Lost Highway,0116922,1051,5355
Willard,0310357,763,4441
John Tucker Must Die,0455967,1876,13482
Sanctum,0881320,1300,6601
Nick of Time,0113972,1260,6977
Assassination Nation,6205872,1928,13063
We Need to Talk About Kevin,1242460,1169,8790
A Dangerous Method,1571222,928,8279
Coal Miner s Daughter,0080549,1143,10383
Harvey,0042546,2391,23518
Fast Times at Ridgemont High,0083929,1665,9251
Repo Men,1053424,1350,8654
The Naked Gun 2 The Smell of Fear,0102510,1256,7588
The Distinguished Gentleman,0104114,2133,14870
Under the Mountain,1275861,704,3757
Buffy the Vampire Slayer,0118276,1672,9486
Autumn in New York,0174480,1570,10205
Locke,2692904,1369,9570
Raiders of the Lost Ark,0082971,898,5362
The Mothman Prophecies,0265349,1288,9122
Eighth Grade,7014006,1382,9406
Triple Frontier,1488606,1540,9540
Bad Dreams,0094701,1415,8700
Air Force One,0118571,1484,8557
Upstream Color,2084989,1076,6152
Alice in Wonderland,1014759,1062,5868
12 Angry Men,0118528,2303,16455
Spotlight,1895587,2303,15130
Fantastic Four,1502712,1332,8675
Argo,1024648,1198,7698
Basic Instinct,0103772,1342,8463
Suburbicon,0491175,1538,9358
Cast Away,0162222,1439,7177
Horrible Bosses 2,2170439,1956,11082
The Adventures of Buckaroo Banzai Across the 8th Dimension,0086856,1326,8757
Elizabeth The Golden Age,0414055,1476,9176
American Ultra,3316948,1083,9566
Us,6857112,1048,5401
